seed,param,cos_A_pre,cos_B_pre,cos_A_B,relL2_A_pre
0,transformer.layers.0.self_attn.in_proj_weight,0.7100,0.0002,0.0007,0.7117
0,transformer.layers.0.self_attn.in_proj_bias,0.8926,0.0705,0.0493,0.6190
0,transformer.layers.0.self_attn.out_proj.weight,0.2407,-0.0012,-0.0040,2.4505
0,transformer.layers.0.self_attn.out_proj.bias,0.6254,-0.1202,-0.0784,0.7971
0,transformer.layers.0.linear1.weight,0.6792,0.0094,0.0083,0.7389
0,transformer.layers.0.linear1.bias,0.8148,0.4334,0.2829,0.7013
0,transformer.layers.0.linear2.weight,0.2315,-0.0019,-0.0004,1.7605
0,transformer.layers.0.linear2.bias,0.2177,-0.1648,0.0007,2.1746
0,transformer.layers.0.norm1.weight,0.8324,0.8825,0.8551,1.3116
0,transformer.layers.0.norm1.bias,0.9136,-0.0382,-0.0476,0.4075
0,transformer.layers.0.norm2.weight,0.9737,0.9077,0.9072,0.4768
0,transformer.layers.0.norm2.bias,0.4124,-0.0352,-0.0044,0.9341
0,transformer.layers.1.self_attn.in_proj_weight,0.3661,0.0010,-0.0014,1.3536
0,transformer.layers.1.self_attn.in_proj_bias,0.5196,-0.0361,-0.0839,2.1199
0,transformer.layers.1.self_attn.out_proj.weight,0.3482,0.0032,0.0077,1.6233
0,transformer.layers.1.self_attn.out_proj.bias,0.7025,-0.0690,-0.0106,0.7179
0,transformer.layers.1.linear1.weight,0.6964,-0.0052,0.0025,0.7184
0,transformer.layers.1.linear1.bias,0.6955,0.6687,0.4516,0.7551
0,transformer.layers.1.linear2.weight,0.3894,0.0025,-0.0023,1.1796
0,transformer.layers.1.linear2.bias,0.1334,-0.0948,0.0366,2.6903
0,transformer.layers.1.norm1.weight,0.9229,0.9195,0.9559,0.8425
0,transformer.layers.1.norm1.bias,0.7957,-0.0190,-0.0216,0.6085
0,transformer.layers.1.norm2.weight,0.9791,0.9349,0.9276,0.4941
0,transformer.layers.1.norm2.bias,0.8570,-0.0838,-0.1283,0.7748
0,transformer.layers.2.self_attn.in_proj_weight,0.4206,-0.0004,0.0016,1.1498
0,transformer.layers.2.self_attn.in_proj_bias,0.5376,-0.0145,0.1016,1.2189
0,transformer.layers.2.self_attn.out_proj.weight,0.4136,-0.0044,-0.0048,1.3480
0,transformer.layers.2.self_attn.out_proj.bias,0.5992,-0.1383,-0.0650,0.8049
0,transformer.layers.2.linear1.weight,0.6556,-0.0071,-0.0041,0.7677
0,transformer.layers.2.linear1.bias,0.8359,0.7133,0.6408,0.5730
0,transformer.layers.2.linear2.weight,0.4458,-0.0007,0.0010,1.0754
0,transformer.layers.2.linear2.bias,0.1783,-0.0134,0.0525,2.8727
0,transformer.layers.2.norm1.weight,0.9680,0.9509,0.9747,0.2601
0,transformer.layers.2.norm1.bias,0.6520,0.0334,-0.0388,0.7799
0,transformer.layers.2.norm2.weight,0.9838,0.9706,0.9694,0.4094
0,transformer.layers.2.norm2.bias,0.9745,-0.0296,-0.0395,0.5786
0,transformer.layers.3.self_attn.in_proj_weight,0.5225,-0.0013,-0.0027,0.9412
0,transformer.layers.3.self_attn.in_proj_bias,0.5758,0.0454,-0.0117,0.8179
0,transformer.layers.3.self_attn.out_proj.weight,0.4619,0.0062,0.0029,1.1470
0,transformer.layers.3.self_attn.out_proj.bias,0.5464,-0.0442,-0.0714,0.9831
0,transformer.layers.3.linear1.weight,0.6335,0.0000,0.0042,0.8044
0,transformer.layers.3.linear1.bias,0.8604,0.7779,0.7474,0.5212
0,transformer.layers.3.linear2.weight,0.4840,-0.0001,0.0009,1.0113
0,transformer.layers.3.linear2.bias,0.1282,-0.0429,-0.0206,2.4376
0,transformer.layers.3.norm1.weight,0.9832,0.9638,0.9749,0.3225
0,transformer.layers.3.norm1.bias,0.6314,0.0672,0.0504,0.8508
0,transformer.layers.3.norm2.weight,0.9885,0.9754,0.9767,0.3748
0,transformer.layers.3.norm2.bias,0.9765,0.0154,0.0277,0.4609
0,transformer.layers.4.self_attn.in_proj_weight,0.5480,-0.0019,0.0016,0.8999
0,transformer.layers.4.self_attn.in_proj_bias,0.6302,0.0575,0.0341,0.7796
0,transformer.layers.4.self_attn.out_proj.weight,0.4827,-0.0007,0.0035,1.0862
0,transformer.layers.4.self_attn.out_proj.bias,0.5511,0.0174,-0.0303,0.8574
0,transformer.layers.4.linear1.weight,0.6049,0.0042,0.0084,0.8370
0,transformer.layers.4.linear1.bias,0.8825,0.8155,0.7708,0.5011
0,transformer.layers.4.linear2.weight,0.4730,0.0001,-0.0039,1.0312
0,transformer.layers.4.linear2.bias,0.1023,-0.0906,-0.0272,1.7512
0,transformer.layers.4.norm1.weight,0.9905,0.9816,0.9830,0.3376
0,transformer.layers.4.norm1.bias,0.4596,0.0324,0.0768,1.1111
0,transformer.layers.4.norm2.weight,0.9905,0.9773,0.9744,0.4126
0,transformer.layers.4.norm2.bias,0.9820,0.0620,0.0752,0.4598
0,transformer.layers.5.self_attn.in_proj_weight,0.5862,-0.0008,0.0001,0.8459
0,transformer.layers.5.self_attn.in_proj_bias,0.8402,-0.0121,-0.0183,0.6590
0,transformer.layers.5.self_attn.out_proj.weight,0.4442,0.0059,0.0012,1.1819
0,transformer.layers.5.self_attn.out_proj.bias,0.5220,0.0270,-0.0527,0.9040
0,transformer.layers.5.linear1.weight,0.4845,0.0015,0.0081,1.0368
0,transformer.layers.5.linear1.bias,0.7566,0.5288,0.4884,0.6670
0,transformer.layers.5.linear2.weight,0.4532,-0.0022,-0.0008,0.9856
0,transformer.layers.5.linear2.bias,0.6957,0.0264,0.0666,0.7286
0,transformer.layers.5.norm1.weight,0.9949,0.9929,0.9910,0.3719
0,transformer.layers.5.norm1.bias,0.6947,0.0045,0.0307,0.7546
0,transformer.layers.5.norm2.weight,0.9858,0.9752,0.9747,0.3016
0,transformer.layers.5.norm2.bias,0.9711,0.0624,0.0779,0.5365
0,final_norm.weight,0.8082,0.8362,0.7966,1.5960
0,final_norm.bias,0.6392,0.0386,-0.0530,0.7834
1,transformer.layers.0.self_attn.in_proj_weight,0.7155,0.0014,-0.0000,0.7081
1,transformer.layers.0.self_attn.in_proj_bias,0.8291,0.0279,0.0249,0.6921
1,transformer.layers.0.self_attn.out_proj.weight,0.2442,-0.0029,0.0014,2.4595
1,transformer.layers.0.self_attn.out_proj.bias,0.6702,0.0961,0.0626,0.7423
1,transformer.layers.0.linear1.weight,0.6566,-0.0037,-0.0033,0.7544
1,transformer.layers.0.linear1.bias,0.7668,0.3944,0.2101,0.6447
1,transformer.layers.0.linear2.weight,0.2599,-0.0030,-0.0043,1.6890
1,transformer.layers.0.linear2.bias,0.1665,-0.0510,0.0138,1.7168
1,transformer.layers.0.norm1.weight,0.8193,0.8838,0.8578,1.0273
1,transformer.layers.0.norm1.bias,0.9004,-0.0400,-0.0762,0.4362
1,transformer.layers.0.norm2.weight,0.9642,0.9095,0.8882,0.4780
1,transformer.layers.0.norm2.bias,0.7068,0.1106,0.1127,0.8232
1,transformer.layers.1.self_attn.in_proj_weight,0.3633,0.0008,-0.0011,1.3658
1,transformer.layers.1.self_attn.in_proj_bias,0.4398,-0.0575,0.0658,1.7572
1,transformer.layers.1.self_attn.out_proj.weight,0.3359,-0.0058,0.0030,1.7095
1,transformer.layers.1.self_attn.out_proj.bias,0.7454,0.1211,0.0771,0.6892
1,transformer.layers.1.linear1.weight,0.6841,0.0029,-0.0003,0.7298
1,transformer.layers.1.linear1.bias,0.7677,0.6442,0.5187,0.6952
1,transformer.layers.1.linear2.weight,0.3967,0.0023,0.0015,1.1549
1,transformer.layers.1.linear2.bias,0.1343,0.0207,-0.0325,2.6016
1,transformer.layers.1.norm1.weight,0.9293,0.9190,0.9484,0.6288
1,transformer.layers.1.norm1.bias,0.7683,-0.0619,-0.0231,0.6414
1,transformer.layers.1.norm2.weight,0.9839,0.9365,0.9334,0.5108
1,transformer.layers.1.norm2.bias,0.9016,0.1167,0.0656,0.7311
1,transformer.layers.2.self_attn.in_proj_weight,0.4339,0.0005,-0.0010,1.1140
1,transformer.layers.2.self_attn.in_proj_bias,0.5247,-0.0336,-0.0134,0.9348
1,transformer.layers.2.self_attn.out_proj.weight,0.3972,0.0030,-0.0003,1.3807
1,transformer.layers.2.self_attn.out_proj.bias,0.6375,-0.0562,-0.0794,0.7710
1,transformer.layers.2.linear1.weight,0.6346,0.0022,0.0047,0.7995
1,transformer.layers.2.linear1.bias,0.8644,0.7510,0.6987,0.5253
1,transformer.layers.2.linear2.weight,0.4335,0.0008,0.0040,1.0960
1,transformer.layers.2.linear2.bias,0.1873,0.0565,-0.0108,2.4096
1,transformer.layers.2.norm1.weight,0.9628,0.9502,0.9701,0.2718
1,transformer.layers.2.norm1.bias,0.7137,0.0834,0.0476,0.7066
1,transformer.layers.2.norm2.weight,0.9830,0.9717,0.9662,0.4130
1,transformer.layers.2.norm2.bias,0.9766,0.0768,0.0841,0.5277
1,transformer.layers.3.self_attn.in_proj_weight,0.5151,-0.0018,-0.0013,0.9510
1,transformer.layers.3.self_attn.in_proj_bias,0.6128,-0.0628,-0.0344,0.7964
1,transformer.layers.3.self_attn.out_proj.weight,0.4621,0.0065,0.0015,1.1451
1,transformer.layers.3.self_attn.out_proj.bias,0.5510,-0.0053,-0.0408,0.8974
1,transformer.layers.3.linear1.weight,0.6399,0.0024,-0.0004,0.7925
1,transformer.layers.3.linear1.bias,0.8872,0.7977,0.7603,0.4833
1,transformer.layers.3.linear2.weight,0.4898,0.0001,-0.0000,0.9818
1,transformer.layers.3.linear2.bias,0.2083,-0.0027,0.0193,2.0179
1,transformer.layers.3.norm1.weight,0.9842,0.9648,0.9773,0.3469
1,transformer.layers.3.norm1.bias,0.6095,0.0112,0.0123,0.8681
1,transformer.layers.3.norm2.weight,0.9912,0.9771,0.9773,0.4123
1,transformer.layers.3.norm2.bias,0.9797,0.1223,0.1317,0.4809
1,transformer.layers.4.self_attn.in_proj_weight,0.5190,0.0029,0.0030,0.9409
1,transformer.layers.4.self_attn.in_proj_bias,0.7398,-0.0611,-0.0029,0.6779
1,transformer.layers.4.self_attn.out_proj.weight,0.4697,-0.0040,-0.0033,1.0986
1,transformer.layers.4.self_attn.out_proj.bias,0.4886,-0.0025,0.0246,0.9102
1,transformer.layers.4.linear1.weight,0.6054,0.0064,0.0025,0.8417
1,transformer.layers.4.linear1.bias,0.8886,0.7895,0.7565,0.4745
1,transformer.layers.4.linear2.weight,0.4934,0.0010,0.0015,0.9889
1,transformer.layers.4.linear2.bias,0.1737,-0.0273,-0.0239,1.8162
1,transformer.layers.4.norm1.weight,0.9906,0.9819,0.9852,0.3673
1,transformer.layers.4.norm1.bias,0.4057,0.0856,0.0321,1.4063
1,transformer.layers.4.norm2.weight,0.9927,0.9812,0.9819,0.4168
1,transformer.layers.4.norm2.bias,0.9788,0.0956,0.0870,0.4532
1,transformer.layers.5.self_attn.in_proj_weight,0.5799,-0.0014,0.0009,0.8595
1,transformer.layers.5.self_attn.in_proj_bias,0.7895,-0.0167,-0.0057,0.6960
1,transformer.layers.5.self_attn.out_proj.weight,0.4371,-0.0022,0.0041,1.2443
1,transformer.layers.5.self_attn.out_proj.bias,0.5302,-0.0905,0.0037,0.9433
1,transformer.layers.5.linear1.weight,0.4721,0.0004,-0.0034,1.0640
1,transformer.layers.5.linear1.bias,0.7965,0.5442,0.5138,0.6197
1,transformer.layers.5.linear2.weight,0.4243,0.0013,0.0009,1.0248
1,transformer.layers.5.linear2.bias,0.5170,-0.0303,-0.0186,0.8560
1,transformer.layers.5.norm1.weight,0.9957,0.9922,0.9916,0.3955
1,transformer.layers.5.norm1.bias,0.6244,-0.0536,-0.0186,0.7819
1,transformer.layers.5.norm2.weight,0.9837,0.9774,0.9749,0.2678
1,transformer.layers.5.norm2.bias,0.9530,0.0384,0.0579,0.4803
1,final_norm.weight,0.8034,0.8453,0.7295,1.5536
1,final_norm.bias,0.5300,-0.0654,-0.0395,0.8905
2,transformer.layers.0.self_attn.in_proj_weight,0.6539,-0.0030,-0.0028,0.7576
2,transformer.layers.0.self_attn.in_proj_bias,0.8478,0.0061,0.0156,0.6811
2,transformer.layers.0.self_attn.out_proj.weight,0.2220,-0.0019,-0.0008,2.5935
2,transformer.layers.0.self_attn.out_proj.bias,0.5016,-0.0524,-0.0126,0.8848
2,transformer.layers.0.linear1.weight,0.6612,-0.0070,-0.0051,0.7519
2,transformer.layers.0.linear1.bias,0.7515,0.4534,0.3050,0.7292
2,transformer.layers.0.linear2.weight,0.2423,0.0046,0.0042,1.7903
2,transformer.layers.0.linear2.bias,0.1377,-0.0899,0.0142,2.0453
2,transformer.layers.0.norm1.weight,0.8319,0.8842,0.8912,1.2339
2,transformer.layers.0.norm1.bias,0.8435,0.1211,0.1528,0.5415
2,transformer.layers.0.norm2.weight,0.9378,0.9045,0.8486,0.5408
2,transformer.layers.0.norm2.bias,0.1904,-0.0335,0.0514,0.9819
2,transformer.layers.1.self_attn.in_proj_weight,0.3349,-0.0013,-0.0001,1.4645
2,transformer.layers.1.self_attn.in_proj_bias,0.2674,0.0621,0.0041,2.1872
2,transformer.layers.1.self_attn.out_proj.weight,0.3435,0.0064,0.0028,1.7094
2,transformer.layers.1.self_attn.out_proj.bias,0.7792,-0.1460,-0.1105,0.6524
2,transformer.layers.1.linear1.weight,0.6498,-0.0162,-0.0133,0.7717
2,transformer.layers.1.linear1.bias,0.7843,0.6754,0.5521,0.6523
2,transformer.layers.1.linear2.weight,0.3561,0.0027,0.0012,1.3174
2,transformer.layers.1.linear2.bias,0.1488,-0.0824,0.0371,2.7374
2,transformer.layers.1.norm1.weight,0.9249,0.9207,0.9576,0.8029
2,transformer.layers.1.norm1.bias,0.7375,-0.0486,-0.0074,0.6999
2,transformer.layers.1.norm2.weight,0.9711,0.9380,0.9360,0.4246
2,transformer.layers.1.norm2.bias,0.9606,-0.0503,-0.0426,0.5962
2,transformer.layers.2.self_attn.in_proj_weight,0.4058,0.0024,0.0002,1.1931
2,transformer.layers.2.self_attn.in_proj_bias,0.5022,0.0158,0.0171,0.9745
2,transformer.layers.2.self_attn.out_proj.weight,0.3908,0.0033,0.0027,1.4815
2,transformer.layers.2.self_attn.out_proj.bias,0.6878,-0.0461,-0.0443,0.7269
2,transformer.layers.2.linear1.weight,0.6231,0.0011,0.0066,0.8217
2,transformer.layers.2.linear1.bias,0.8413,0.7340,0.7079,0.5504
2,transformer.layers.2.linear2.weight,0.4143,0.0008,0.0027,1.1536
2,transformer.layers.2.linear2.bias,0.0483,-0.1287,0.0396,2.5730
2,transformer.layers.2.norm1.weight,0.9622,0.9544,0.9784,0.2780
2,transformer.layers.2.norm1.bias,0.6516,0.0528,0.0656,0.7826
2,transformer.layers.2.norm2.weight,0.9841,0.9733,0.9741,0.4080
2,transformer.layers.2.norm2.bias,0.9694,-0.0181,0.0027,0.4713
2,transformer.layers.3.self_attn.in_proj_weight,0.4813,-0.0019,-0.0022,1.0074
2,transformer.layers.3.self_attn.in_proj_bias,0.6716,0.0212,-0.0357,0.7469
2,transformer.layers.3.self_attn.out_proj.weight,0.4589,-0.0025,0.0008,1.1750
2,transformer.layers.3.self_attn.out_proj.bias,0.4612,-0.0591,0.0087,1.1471
2,transformer.layers.3.linear1.weight,0.6032,0.0075,0.0089,0.8568
2,transformer.layers.3.linear1.bias,0.8762,0.8084,0.7737,0.4821
2,transformer.layers.3.linear2.weight,0.4212,0.0010,-0.0002,1.1506
2,transformer.layers.3.linear2.bias,0.1201,0.0021,0.0585,2.5335
2,transformer.layers.3.norm1.weight,0.9799,0.9668,0.9794,0.3144
2,transformer.layers.3.norm1.bias,0.3007,0.0137,-0.0046,1.2253
2,transformer.layers.3.norm2.weight,0.9876,0.9774,0.9760,0.3866
2,transformer.layers.3.norm2.bias,0.9697,0.0465,0.0636,0.4017
2,transformer.layers.4.self_attn.in_proj_weight,0.5000,0.0002,0.0012,0.9903
2,transformer.layers.4.self_attn.in_proj_bias,0.5825,-0.0606,0.0310,0.8248
2,transformer.layers.4.self_attn.out_proj.weight,0.4439,0.0093,0.0028,1.2525
2,transformer.layers.4.self_attn.out_proj.bias,0.4553,-0.0219,0.0356,0.9476
2,transformer.layers.4.linear1.weight,0.5681,0.0065,0.0069,0.8991
2,transformer.layers.4.linear1.bias,0.9029,0.8089,0.8122,0.4461
2,transformer.layers.4.linear2.weight,0.4558,-0.0007,-0.0004,1.0849
2,transformer.layers.4.linear2.bias,0.0154,0.0007,0.0835,1.9312
2,transformer.layers.4.norm1.weight,0.9908,0.9821,0.9857,0.3054
2,transformer.layers.4.norm1.bias,0.4450,0.0939,-0.0060,1.0541
2,transformer.layers.4.norm2.weight,0.9876,0.9796,0.9790,0.3662
2,transformer.layers.4.norm2.bias,0.9752,0.0445,0.0657,0.4105
2,transformer.layers.5.self_attn.in_proj_weight,0.5640,0.0021,0.0025,0.8758
2,transformer.layers.5.self_attn.in_proj_bias,0.7640,-0.0176,-0.0553,0.7028
2,transformer.layers.5.self_attn.out_proj.weight,0.4496,-0.0050,-0.0058,1.1711
2,transformer.layers.5.self_attn.out_proj.bias,0.5731,0.0309,0.0574,0.8323
2,transformer.layers.5.linear1.weight,0.4816,0.0096,0.0046,1.0448
2,transformer.layers.5.linear1.bias,0.7737,0.5553,0.5308,0.6463
2,transformer.layers.5.linear2.weight,0.4618,-0.0031,0.0003,0.9807
2,transformer.layers.5.linear2.bias,0.6858,-0.0422,-0.0686,0.7489
2,transformer.layers.5.norm1.weight,0.9941,0.9924,0.9903,0.3394
2,transformer.layers.5.norm1.bias,0.5404,0.0277,0.0610,0.8440
2,transformer.layers.5.norm2.weight,0.9873,0.9748,0.9812,0.3282
2,transformer.layers.5.norm2.bias,0.9741,0.0237,0.0188,0.5613
2,final_norm.weight,0.7973,0.8403,0.7559,1.6994
2,final_norm.bias,0.5681,0.0832,0.0959,0.8489
3,transformer.layers.0.self_attn.in_proj_weight,0.7066,-0.0016,-0.0004,0.7150
3,transformer.layers.0.self_attn.in_proj_bias,0.8625,0.0129,0.0758,0.6523
3,transformer.layers.0.self_attn.out_proj.weight,0.2339,-0.0001,0.0019,2.3455
3,transformer.layers.0.self_attn.out_proj.bias,0.5560,0.1015,0.0245,0.8337
3,transformer.layers.0.linear1.weight,0.6684,-0.0048,-0.0038,0.7472
3,transformer.layers.0.linear1.bias,0.7751,0.4266,0.2987,0.6390
3,transformer.layers.0.linear2.weight,0.2538,-0.0015,0.0026,1.7088
3,transformer.layers.0.linear2.bias,0.3072,-0.0636,-0.0665,1.5039
3,transformer.layers.0.norm1.weight,0.7792,0.8861,0.8268,1.2736
3,transformer.layers.0.norm1.bias,0.8697,-0.0825,-0.0424,0.5157
3,transformer.layers.0.norm2.weight,0.9646,0.9017,0.9140,0.4200
3,transformer.layers.0.norm2.bias,0.9248,-0.0294,-0.0801,0.6098
3,transformer.layers.1.self_attn.in_proj_weight,0.3610,-0.0052,-0.0050,1.3626
3,transformer.layers.1.self_attn.in_proj_bias,0.3196,0.0047,0.0165,2.4433
3,transformer.layers.1.self_attn.out_proj.weight,0.3662,-0.0050,-0.0039,1.5189
3,transformer.layers.1.self_attn.out_proj.bias,0.7667,0.0955,0.0499,0.6657
3,transformer.layers.1.linear1.weight,0.6837,-0.0059,-0.0044,0.7298
3,transformer.layers.1.linear1.bias,0.7910,0.6489,0.5319,0.6890
3,transformer.layers.1.linear2.weight,0.3844,0.0005,0.0036,1.1872
3,transformer.layers.1.linear2.bias,0.1801,0.0335,-0.0828,2.4608
3,transformer.layers.1.norm1.weight,0.9349,0.9234,0.9545,0.6714
3,transformer.layers.1.norm1.bias,0.7650,-0.0169,-0.0336,0.6706
3,transformer.layers.1.norm2.weight,0.9818,0.9329,0.9352,0.4665
3,transformer.layers.1.norm2.bias,0.8885,-0.0802,-0.0723,0.7193
3,transformer.layers.2.self_attn.in_proj_weight,0.4290,0.0031,0.0013,1.1260
3,transformer.layers.2.self_attn.in_proj_bias,0.6231,0.1025,0.0135,0.8297
3,transformer.layers.2.self_attn.out_proj.weight,0.4079,0.0043,0.0011,1.3469
3,transformer.layers.2.self_attn.out_proj.bias,0.6429,0.1357,0.0297,0.7688
3,transformer.layers.2.linear1.weight,0.6606,-0.0009,-0.0031,0.7639
3,transformer.layers.2.linear1.bias,0.8832,0.7289,0.7018,0.5103
3,transformer.layers.2.linear2.weight,0.4510,-0.0027,-0.0058,1.0603
3,transformer.layers.2.linear2.bias,0.1239,-0.0065,-0.1214,2.7230
3,transformer.layers.2.norm1.weight,0.9708,0.9507,0.9727,0.2459
3,transformer.layers.2.norm1.bias,0.7087,-0.0159,0.0109,0.7469
3,transformer.layers.2.norm2.weight,0.9871,0.9726,0.9713,0.4320
3,transformer.layers.2.norm2.bias,0.9669,-0.0387,-0.0295,0.5555
3,transformer.layers.3.self_attn.in_proj_weight,0.5092,-0.0017,-0.0003,0.9679
3,transformer.layers.3.self_attn.in_proj_bias,0.5528,0.0920,0.0069,0.8351
3,transformer.layers.3.self_attn.out_proj.weight,0.4574,0.0029,0.0029,1.1676
3,transformer.layers.3.self_attn.out_proj.bias,0.4872,-0.0117,-0.0480,1.0533
3,transformer.layers.3.linear1.weight,0.6497,0.0007,0.0069,0.7780
3,transformer.layers.3.linear1.bias,0.8825,0.7694,0.7481,0.4925
3,transformer.layers.3.linear2.weight,0.5035,0.0030,-0.0018,0.9579
3,transformer.layers.3.linear2.bias,0.1032,-0.0090,-0.1283,2.4915
3,transformer.layers.3.norm1.weight,0.9834,0.9662,0.9780,0.3043
3,transformer.layers.3.norm1.bias,0.6131,-0.0082,0.0455,0.8493
3,transformer.layers.3.norm2.weight,0.9904,0.9791,0.9819,0.4047
3,transformer.layers.3.norm2.bias,0.9811,-0.0220,-0.0055,0.4565
3,transformer.layers.4.self_attn.in_proj_weight,0.5679,0.0016,0.0036,0.8614
3,transformer.layers.4.self_attn.in_proj_bias,0.6746,0.0592,-0.0064,0.7418
3,transformer.layers.4.self_attn.out_proj.weight,0.4877,-0.0044,-0.0038,1.0431
3,transformer.layers.4.self_attn.out_proj.bias,0.4081,0.0196,-0.0652,1.0252
3,transformer.layers.4.linear1.weight,0.6039,0.0004,-0.0023,0.8327
3,transformer.layers.4.linear1.bias,0.8702,0.8153,0.7745,0.5158
3,transformer.layers.4.linear2.weight,0.5028,0.0012,0.0012,0.9737
3,transformer.layers.4.linear2.bias,0.0741,-0.1187,-0.1129,2.0482
3,transformer.layers.4.norm1.weight,0.9919,0.9826,0.9843,0.4061
3,transformer.layers.4.norm1.bias,0.5022,-0.0247,0.0999,1.0512
3,transformer.layers.4.norm2.weight,0.9915,0.9777,0.9763,0.4354
3,transformer.layers.4.norm2.bias,0.9774,0.0030,-0.0220,0.4652
3,transformer.layers.5.self_attn.in_proj_weight,0.5596,-0.0026,-0.0025,0.8876
3,transformer.layers.5.self_attn.in_proj_bias,0.7673,0.0693,-0.0284,0.6972
3,transformer.layers.5.self_attn.out_proj.weight,0.4413,-0.0049,-0.0044,1.2379
3,transformer.layers.5.self_attn.out_proj.bias,0.6222,0.0479,-0.0470,0.8010
3,transformer.layers.5.linear1.weight,0.4815,0.0020,0.0021,1.0555
3,transformer.layers.5.linear1.bias,0.8158,0.5684,0.5273,0.5862
3,transformer.layers.5.linear2.weight,0.4283,0.0018,-0.0002,1.0389
3,transformer.layers.5.linear2.bias,0.5858,-0.0378,-0.0148,0.8108
3,transformer.layers.5.norm1.weight,0.9940,0.9923,0.9906,0.3675
3,transformer.layers.5.norm1.bias,0.6007,-0.0842,-0.0344,0.8036
3,transformer.layers.5.norm2.weight,0.9846,0.9740,0.9734,0.3000
3,transformer.layers.5.norm2.bias,0.9740,0.0194,0.0523,0.5003
3,final_norm.weight,0.8223,0.8404,0.7461,1.5268
3,final_norm.bias,0.4988,-0.0551,0.0203,0.9383
4,transformer.layers.0.self_attn.in_proj_weight,0.7334,0.0014,-0.0007,0.6933
4,transformer.layers.0.self_attn.in_proj_bias,0.7842,0.0299,-0.0087,0.7013
4,transformer.layers.0.self_attn.out_proj.weight,0.1897,0.0074,0.0018,2.7721
4,transformer.layers.0.self_attn.out_proj.bias,0.5614,-0.0096,-0.0215,0.8296
4,transformer.layers.0.linear1.weight,0.6746,0.0015,0.0060,0.7382
4,transformer.layers.0.linear1.bias,0.8705,0.4035,0.3418,0.6379
4,transformer.layers.0.linear2.weight,0.2568,-0.0019,0.0010,1.6973
4,transformer.layers.0.linear2.bias,0.1755,-0.0646,-0.0937,1.9912
4,transformer.layers.0.norm1.weight,0.7856,0.8850,0.8110,1.0245
4,transformer.layers.0.norm1.bias,0.8156,-0.0188,-0.0371,0.6576
4,transformer.layers.0.norm2.weight,0.9467,0.9076,0.9093,0.4486
4,transformer.layers.0.norm2.bias,0.6498,-0.0281,-0.0910,0.8448
4,transformer.layers.1.self_attn.in_proj_weight,0.3646,0.0006,0.0027,1.3734
4,transformer.layers.1.self_attn.in_proj_bias,0.4032,-0.0294,-0.0355,1.7973
4,transformer.layers.1.self_attn.out_proj.weight,0.3109,-0.0040,-0.0002,1.7983
4,transformer.layers.1.self_attn.out_proj.bias,0.6862,-0.0011,-0.0070,0.7496
4,transformer.layers.1.linear1.weight,0.6717,-0.0025,0.0031,0.7465
4,transformer.layers.1.linear1.bias,0.6716,0.6150,0.4294,0.7412
4,transformer.layers.1.linear2.weight,0.3741,-0.0000,0.0001,1.2229
4,transformer.layers.1.linear2.bias,0.0572,0.0199,-0.0039,2.6965
4,transformer.layers.1.norm1.weight,0.9244,0.9187,0.9512,0.6788
4,transformer.layers.1.norm1.bias,0.7499,-0.1141,-0.1012,0.6859
4,transformer.layers.1.norm2.weight,0.9804,0.9394,0.9459,0.4613
4,transformer.layers.1.norm2.bias,0.8876,0.0287,0.0429,0.6320
4,transformer.layers.2.self_attn.in_proj_weight,0.4287,-0.0011,0.0009,1.1425
4,transformer.layers.2.self_attn.in_proj_bias,0.5629,-0.0994,-0.0400,0.9179
4,transformer.layers.2.self_attn.out_proj.weight,0.3940,-0.0033,0.0009,1.4607
4,transformer.layers.2.self_attn.out_proj.bias,0.6138,0.0071,0.0369,0.7905
4,transformer.layers.2.linear1.weight,0.6524,0.0047,0.0028,0.7808
4,transformer.layers.2.linear1.bias,0.8359,0.6915,0.6521,0.5495
4,transformer.layers.2.linear2.weight,0.4231,0.0005,-0.0038,1.1190
4,transformer.layers.2.linear2.bias,0.0902,-0.0406,-0.0302,2.7096
4,transformer.layers.2.norm1.weight,0.9673,0.9533,0.9710,0.2554
4,transformer.layers.2.norm1.bias,0.6294,-0.0890,-0.0369,0.7968
4,transformer.layers.2.norm2.weight,0.9856,0.9720,0.9713,0.4296
4,transformer.layers.2.norm2.bias,0.9440,0.0061,0.0023,0.4992
4,transformer.layers.3.self_attn.in_proj_weight,0.4905,-0.0050,-0.0021,1.0050
4,transformer.layers.3.self_attn.in_proj_bias,0.6093,0.0370,0.0594,0.7964
4,transformer.layers.3.self_attn.out_proj.weight,0.4561,-0.0074,-0.0048,1.1857
4,transformer.layers.3.self_attn.out_proj.bias,0.2467,0.0210,0.0149,1.2885
4,transformer.layers.3.linear1.weight,0.6299,0.0015,-0.0041,0.8095
4,transformer.layers.3.linear1.bias,0.8439,0.7678,0.7229,0.5372
4,transformer.layers.3.linear2.weight,0.4360,-0.0013,-0.0033,1.1088
4,transformer.layers.3.linear2.bias,0.1396,0.0929,0.0135,2.9243
4,transformer.layers.3.norm1.weight,0.9823,0.9643,0.9791,0.2951
4,transformer.layers.3.norm1.bias,0.5317,0.0785,0.1261,0.9833
4,transformer.layers.3.norm2.weight,0.9881,0.9797,0.9832,0.4214
4,transformer.layers.3.norm2.bias,0.9662,-0.0430,-0.0758,0.4537
4,transformer.layers.4.self_attn.in_proj_weight,0.5057,0.0012,-0.0000,0.9849
4,transformer.layers.4.self_attn.in_proj_bias,0.5037,-0.0724,-0.0641,0.8865
4,transformer.layers.4.self_attn.out_proj.weight,0.4557,-0.0038,-0.0013,1.1849
4,transformer.layers.4.self_attn.out_proj.bias,0.3802,-0.0287,-0.0137,1.0064
4,transformer.layers.4.linear1.weight,0.5884,0.0001,-0.0060,0.8677
4,transformer.layers.4.linear1.bias,0.9121,0.8154,0.8172,0.4264
4,transformer.layers.4.linear2.weight,0.4748,0.0012,0.0024,1.0297
4,transformer.layers.4.linear2.bias,0.1220,0.0662,-0.0325,1.8024
4,transformer.layers.4.norm1.weight,0.9905,0.9819,0.9876,0.2938
4,transformer.layers.4.norm1.bias,0.5787,0.0652,0.0585,0.9449
4,transformer.layers.4.norm2.weight,0.9845,0.9812,0.9749,0.3463
4,transformer.layers.4.norm2.bias,0.9731,-0.0266,-0.0417,0.4049
4,transformer.layers.5.self_attn.in_proj_weight,0.5592,-0.0011,0.0013,0.8828
4,transformer.layers.5.self_attn.in_proj_bias,0.7601,0.0789,0.0743,0.6814
4,transformer.layers.5.self_attn.out_proj.weight,0.4323,0.0069,0.0047,1.2345
4,transformer.layers.5.self_attn.out_proj.bias,0.5081,0.0470,0.1050,0.9039
4,transformer.layers.5.linear1.weight,0.4885,0.0043,0.0047,1.0294
4,transformer.layers.5.linear1.bias,0.7906,0.6013,0.5563,0.6209
4,transformer.layers.5.linear2.weight,0.4436,0.0013,0.0015,1.0041
4,transformer.layers.5.linear2.bias,0.5672,-0.0880,-0.0991,0.8250
4,transformer.layers.5.norm1.weight,0.9947,0.9920,0.9908,0.3311
4,transformer.layers.5.norm1.bias,0.6898,0.0355,0.0646,0.7253
4,transformer.layers.5.norm2.weight,0.9858,0.9753,0.9763,0.2954
4,transformer.layers.5.norm2.bias,0.9685,-0.0107,-0.0033,0.5090
4,final_norm.weight,0.7904,0.8424,0.6993,1.7738
4,final_norm.bias,0.6440,0.0004,0.0585,0.7684
